"loss","pt","rot","mmd","mmdwt","SD","testErr","ptrunningmean"
0.645507991313934,0.000187836689292453,0.590398073196411,0.0549221038818359,10,0.25,NA,0.000187836689292453
0.705776512622833,0.000186804230907001,0.661713540554047,0.0438761711120605,10,0.25,NA,0.000187836689292453
0.625874936580658,0.000184519551112317,0.58772224187851,0.0379681587219238,10,0.25,NA,0.000187320460099727
0.854744493961334,0.000193052808754146,0.788908839225769,0.0656425952911377,10,0.25,NA,0.00018638682377059
0.777810275554657,0.000190248712897301,0.718170344829559,0.0594496726989746,10,0.25,NA,0.000188053320016479
0.688438296318054,0.000188188132597134,0.641405642032623,0.046844482421875,10,0.25,NA,0.000188492398592643
0.109278976917267,0.000204979427508079,0.036975022405386,0.072098970413208,10,0.25,NA,0.000188441687593392
0.573778986930847,0.000191723389434628,0.52316290140152,0.050424337387085,10,0.25,NA,0.000190804221866918
0.668283939361572,0.000197998801013455,0.614417910575867,0.0536680221557617,10,0.25,NA,0.000190919117812882
0.721449792385101,0.000190924634807743,0.668037891387939,0.0532209873199463,10,0.25,NA,0.000191705749279612
0.201939642429352,0.000199773930944502,0.144222572445869,0.0575172901153564,10,0.25,NA,0.000191627637832426
0.086642399430275,0.000199205882381648,0.0169858988374472,0.0694572925567627,10,0.25,NA,0.000192368209933523
0.832980871200562,0.000184575008461252,0.784533202648163,0.0482630729675293,10,0.25,NA,0.000192938015970867
0.78296959400177,0.000193565269000828,0.72891491651535,0.053861141204834,10,0.25,NA,0.000192294707700897
0.154018476605415,0.000175131252035499,0.0959648489952087,0.0578784942626953,10,0.25,NA,0.000192385462079463
0.54488605260849,0.000183042109711096,0.515363216400146,0.0293397903442383,10,0.25,NA,0.000191235181409866
0.835418999195099,0.000196833891095594,0.778663337230682,0.0565588474273682,10,0.25,NA,0.000190723114428692
0.788169860839844,0.000187606507097371,0.742900907993317,0.0450813770294189,10,0.25,NA,0.000191082571879687
0.639568984508514,0.000193108557141386,0.591003119945526,0.048372745513916,10,0.25,NA,0.000190889457169558
0.773243963718414,0.000187932440894656,0.718023061752319,0.0550329685211182,10,0.25,NA,0.000191006251904917
0.843423962593079,0.000191568207810633,0.788814544677734,0.0544178485870361,10,0.25,NA,0.000190852561354404
0.355992347002029,0.000201975781237707,0.29094409942627,0.0648462772369385,10,0.25,NA,0.000190886639757082
0.686173558235168,0.000191901985090226,0.622516989707947,0.0634646415710449,10,0.25,NA,0.000191390691642565
0.85723739862442,0.000190203601960093,0.798149466514587,0.0588977336883545,10,0.25,NA,0.000191412921792463
0.701072454452515,0.000198912632185966,0.640651404857635,0.0602221488952637,10,0.25,NA,0.000191362533466114
0.0663665384054184,0.000198140245629475,0.00443825172260404,0.0617301464080811,10,0.25,NA,0.000191664537414908
0.5196653008461,0.000174632281414233,0.462618321180344,0.0568723678588867,10,0.25,NA,0.000191913603115469
0.614351987838745,0.000183492753421888,0.567058145999908,0.0471103191375732,10,0.25,NA,0.000191273554163571
0.588540315628052,0.000194752094103023,0.524876177310944,0.063469409942627,10,0.25,NA,0.000190995668422797
0.80572783946991,0.000198582682060078,0.751124501228333,0.0544047355651855,10,0.25,NA,0.000191125200342804
0.841992914676666,0.000190735649084672,0.791133463382721,0.0506687164306641,10,0.25,NA,0.000191373783066714
0.818476974964142,0.000189668688108213,0.760427892208099,0.0578594207763672,10,0.25,NA,0.000191353198099551
0.520822823047638,0.000185881464858539,0.478430896997452,0.0422060489654541,10,0.25,NA,0.000191300557162322
0.647967278957367,0.000198861365788616,0.592334926128387,0.0554335117340088,10,0.25,NA,0.000191136342244025
0.754329979419708,0.000195726272067986,0.704489529132843,0.0496447086334229,10,0.25,NA,0.000191363548818866
0.838986396789551,0.000197261673747562,0.771354854106903,0.0674343109130859,10,0.25,NA,0.000191488198054555
0.43477401137352,0.00020048298756592,0.377021670341492,0.0575518608093262,10,0.25,NA,0.000191648572379361
0.822101056575775,0.000189226964721456,0.778959512710571,0.042952299118042,10,0.25,NA,0.000191887340357376
0.761492371559143,0.000192334016901441,0.698009431362152,0.0632905960083008,10,0.25,NA,0.00019181733047222
0.740141212940216,0.000198241235921159,0.679345309734344,0.0605976581573486,10,0.25,NA,0.0001918305788422
0.304539561271667,0.000174573448020965,0.247789457440376,0.0565755367279053,10,0.25,NA,0.000191990845269174
0.654894769191742,0.000188695019460283,0.619387924671173,0.03531813621521,10,0.25,NA,0.000191566030702145
0.842035174369812,0.00020688131917268,0.762692391872406,0.0791358947753906,10,0.25,NA,0.000191497673291624
0.154706746339798,0.000193070227396674,0.0884216651320457,0.0660920143127441,10,0.25,NA,0.00019185543249816
0.431889325380325,0.000176428307895549,0.398718148469925,0.0329947471618652,10,0.25,NA,0.000191883041473127
0.611980378627777,0.000188585909199901,0.572513520717621,0.0392782688140869,10,0.25,NA,0.000191539602949181
0.346809566020966,0.000181480820174329,0.303672194480896,0.0429558753967285,10,0.25,NA,0.000191475392215501
0.769396305084229,0.000171094696270302,0.72062474489212,0.048600435256958,10,0.25,NA,0.000191262741746539
0.679787814617157,0.000196848181076348,0.621487140655518,0.0581037998199463,10,0.25,NA,0.000190842574132451
0.5821852684021,0.000187246536370367,0.536414802074432,0.0455832481384277,10,0.25,NA,0.000190965137539469
0.513231456279755,0.000186750155990012,0.457772105932236,0.0552725791931152,10,0.25,NA,0.000190890765516087
0.843968391418457,0.000185699056601152,0.799981594085693,0.0438010692596436,10,0.25,NA,0.000190809577094008
0.837633848190308,0.000183027572347783,0.799171507358551,0.0382792949676514,10,0.25,NA,0.00019071129785376
0.830164909362793,0.000191599508980289,0.764223396778107,0.0657498836517334,10,0.25,NA,0.000190566321900817
0.806931436061859,0.000188919017091393,0.747102081775665,0.0596404075622559,10,0.25,NA,0.000190585454994882
0.837508738040924,0.000186713426955976,0.79029393196106,0.0470280647277832,10,0.25,NA,0.000190555156123909
0.311388790607452,0.000204038617084734,0.238800868391991,0.0723838806152344,10,0.25,NA,0.000190486553817339
0.662563323974609,0.00019104043894913,0.611488997936249,0.0508832931518555,10,0.25,NA,0.000190724309313258
0.849704742431641,0.000197057262994349,0.795602440834045,0.0539052486419678,10,0.25,NA,0.000190729759824221
0.280136078596115,0.000190011240192689,0.226621374487877,0.0533246994018555,10,0.25,NA,0.000190837005640664
0.835601687431335,0.000198951194761321,0.77778172492981,0.0576210021972656,10,0.25,NA,0.000190823242883198
0.325906723737717,0.000198120455024764,0.256111830472946,0.0695967674255371,10,0.25,NA,0.000190956487995954
0.848221480846405,0.000183606141945347,0.799625813961029,0.0484120845794678,10,0.25,NA,0.000191072035851258
0.296783417463303,0.00019261657143943,0.242625936865807,0.0539648532867432,10,0.25,NA,0.000190953529598783
0.388148277997971,0.000174683431396261,0.330244123935699,0.0577294826507568,10,0.25,NA,0.000190979514627543
0.781528890132904,0.000182747186045162,0.752068340778351,0.0292778015136719,10,0.25,NA,0.000190728805654754
0.842329680919647,0.000195434608031064,0.785205841064453,0.0569283962249756,10,0.25,NA,0.000190607872024306
0.844036936759949,0.000186401608516462,0.798723876476288,0.0451266765594482,10,0.25,NA,0.000190679912860227
0.559687256813049,0.000192008112207986,0.510880529880524,0.0486147403717041,10,0.25,NA,0.000190616996619878
0.74945592880249,0.000186981909791939,0.693991601467133,0.0552773475646973,10,0.25,NA,0.000190637157715358
0.790460348129272,0.000190544436918572,0.735742270946503,0.0545275211334229,10,0.25,NA,0.00019058493988788
0.823169052600861,0.000200489914277568,0.757628738880157,0.0653398036956787,10,0.25,NA,0.000190584369423524
0.848853826522827,0.000190559745533392,0.784970939159393,0.0636923313140869,10,0.25,NA,0.000190721946435386
0.814212679862976,0.000188678095582873,0.755010604858398,0.0590133666992188,10,0.25,NA,0.000190719724505221
0.860332489013672,0.000197985500562936,0.799676299095154,0.0604581832885742,10,0.25,NA,0.000190692134925189
0.85552442073822,0.000196851673536003,0.793090760707855,0.0622367858886719,10,0.25,NA,0.000190789379800359
0.552358388900757,0.000174051005160436,0.49521541595459,0.0569689273834229,10,0.25,NA,0.000190869146823197
0.838786840438843,0.000182661766302772,0.791412770748138,0.0471913814544678,10,0.25,NA,0.000190650729399005
0.605838596820831,0.000194238644326106,0.541894793510437,0.0637495517730713,10,0.25,NA,0.000190548306795207
0.853516161441803,0.000197392102563754,0.798523008823395,0.0547957420349121,10,0.25,NA,0.00019059501992851
0.836593687534332,0.000189175436389633,0.785498559474945,0.0509059429168701,10,0.25,NA,0.00019067998346145
0.848364591598511,0.000188260135473683,0.790060639381409,0.0581157207489014,10,0.25,NA,0.000190661408806243
0.788870811462402,0.000184907476068474,0.746395230293274,0.0422906875610352,10,0.25,NA,0.000190632124985114
0.854142725467682,0.000197787128854543,0.798354089260101,0.0555908679962158,10,0.25,NA,0.00019056315331142
0.368780881166458,0.000195015134522691,0.319048434495926,0.0495374202728271,10,0.25,NA,0.000190649153020266
0.857852578163147,0.000196229768334888,0.790046811103821,0.0676095485687256,10,0.25,NA,0.00019070051750853
0.844643831253052,0.000199041096493602,0.786271870136261,0.0581729412078857,10,0.25,NA,0.00019076481112279
0.688915431499481,0.000187158977496438,0.633726298809052,0.055001974105835,10,0.25,NA,0.000190859940839696
0.829757571220398,0.000186129662324674,0.785669028759003,0.0439023971557617,10,0.25,NA,0.000190817884438068
0.759183347225189,0.000183324300451204,0.720942437648773,0.0380575656890869,10,0.25,NA,0.000190765207785108
0.832730531692505,0.000191845538211055,0.766960442066193,0.0655782222747803,10,0.25,NA,0.000190682531036954
0.636929631233215,0.000189255719305947,0.577336013317108,0.0594043731689453,10,0.25,NA,0.00019069531133557
0.798632085323334,0.000187489902600646,0.751583397388458,0.0468611717224121,10,0.25,NA,0.000190679663596118
0.853356897830963,0.000203691291972063,0.781137704849243,0.0720155239105225,10,0.25,NA,0.00019064536509079
0.805548310279846,0.00019130072905682,0.754750311374664,0.0506067276000977,10,0.25,NA,0.000190784151546974
0.813438296318054,0.000197126981220208,0.759493291378021,0.0537478923797607,10,0.25,NA,0.000190789589204973
0.651738882064819,0.00019005115609616,0.598326623439789,0.0532221794128418,10,0.25,NA,0.000190855603705131
0.819988608360291,0.000198912995983846,0.762266457080841,0.057523250579834,10,0.25,NA,0.000190847310430812
0.801129639148712,0.000197843430214562,0.731612801551819,0.0693190097808838,10,0.25,NA,0.000190929613344618
0.848462700843811,0.000183755124453455,0.799914538860321,0.0483644008636475,10,0.25,NA,0.000190999449878658
0.666228413581848,0.000192760184290819,0.612184047698975,0.0538516044616699,10,0.25,NA,0.000190927006624406
0.834664881229401,0.000186916426173411,0.779604732990265,0.0548732280731201,10,0.25,NA,0.00019097624157439
0.792547285556793,0.000194201245903969,0.735614240169525,0.0567388534545898,10,0.25,NA,0.000190977363527054
0.783445239067078,0.000174206812516786,0.754126727581024,0.029144287109375,10,0.25,NA,0.000191074180474971
0.832411110401154,0.000179116541403346,0.793522357940674,0.0387096405029297,10,0.25,NA,0.000190885720512597
0.851325690746307,0.000193303887499496,0.789678812026978,0.0614535808563232,10,0.25,NA,0.000190774398797657
0.860966145992279,0.000201720045879483,0.797975718975067,0.062788724899292,10,0.25,NA,0.000190825556346681
0.843543469905853,0.000192232837434858,0.799711108207703,0.04364013671875,10,0.25,NA,0.000190792962530395
0.806656241416931,0.000197413333808072,0.757703423500061,0.048755407333374,10,0.25,NA,0.000190798057010397
0.801576793193817,0.000189202561159618,0.75023490190506,0.0511527061462402,10,0.25,NA,0.000190792202338343
0.789811670780182,0.000211618302273564,0.701480567455292,0.0881195068359375,10,0.25,NA,0.000190774981601862
0.807125449180603,0.000191476705367677,0.742854237556458,0.064079761505127,10,0.25,NA,0.000190893425315153
0.74421364068985,0.000198668072698638,0.691907405853271,0.052107572555542,10,0.25,NA,0.000190816133545013
0.842881798744202,0.000187579949852079,0.79969185590744,0.0430023670196533,10,0.25,NA,0.000190957064187387
0.834194719791412,0.000185991026228294,0.797176659107208,0.0368320941925049,10,0.25,NA,0.0001908972109959
0.847783625125885,0.000193926622159779,0.794206559658051,0.0533831119537354,10,0.25,NA,0.000191005808737827
0.842283964157104,0.000200477414182387,0.767744541168213,0.0743389129638672,10,0.25,NA,0.000191114653862314
0.836606800556183,0.000195733926375397,0.779315769672394,0.0570952892303467,10,0.25,NA,0.000191151089093182
0.773004233837128,0.000194088730495423,0.725436389446259,0.0473737716674805,10,0.25,NA,0.000191232363285962
0.804394900798798,0.00020200974540785,0.745350003242493,0.0588428974151611,10,0.25,NA,0.000191242165019503
0.858432829380035,0.00020203395979479,0.799427211284637,0.0588035583496094,10,0.25,NA,0.000191382938064635
0.862574875354767,0.000209667326998897,0.77379983663559,0.0885653495788574,10,0.25,NA,0.000191487595584476
0.855399608612061,0.000187154480954632,0.799991130828857,0.0552213191986084,10,0.25,NA,0.000191564511042088
0.861956834793091,0.000205887379706837,0.790200352668762,0.0715506076812744,10,0.25,NA,0.000191517036000732
0.840617895126343,0.000182780291652307,0.79423314332962,0.0462019443511963,10,0.25,NA,0.0001916738737782
0.805071711540222,0.000189330254215747,0.761262536048889,0.0436198711395264,10,0.25,NA,0.000191512550372863
0.792587518692017,0.000195289176190272,0.736169576644897,0.056222677230835,10,0.25,NA,0.000191424450458726
0.843916177749634,0.000198565379832871,0.782459557056427,0.06125807762146,10,0.25,NA,0.000191631019406486
0.707229316234589,0.000196572364075109,0.65928703546524,0.0477457046508789,10,0.25,NA,0.000191781745670596
0.809355318546295,0.000189444050192833,0.762389361858368,0.0467765331268311,10,0.25,NA,0.000191799948370317
0.856041431427002,0.000188076024642214,0.798284828662872,0.0575685501098633,10,0.25,NA,0.000191708562051645
0.844083607196808,0.000189577403943986,0.783732652664185,0.0601613521575928,10,0.25,NA,0.00019168196580722
0.84305876493454,0.000185845929081552,0.798658192157745,0.0442147254943848,10,0.25,NA,0.000191681052965578
0.721775591373444,0.000198717083549127,0.655480086803436,0.0660967826843262,10,0.25,NA,0.000191680697607808
0.836057245731354,0.000193502215552144,0.77655953168869,0.0593042373657227,10,0.25,NA,0.000191679254785413
0.660991668701172,0.000189379410585389,0.60799378156662,0.0528085231781006,10,0.25,NA,0.000191657014220255
0.813977718353271,0.000193304585991427,0.752529919147491,0.0612545013427734,10,0.25,NA,0.000191578191588633
0.694118201732635,0.000185416167369112,0.641801357269287,0.0521314144134521,10,0.25,NA,0.000191506407572888
0.848158955574036,0.000208344179554842,0.766206443309784,0.0817441940307617,10,0.25,NA,0.000191468299599364
0.811938166618347,0.000186279488843866,0.775949776172638,0.0358021259307861,10,0.25,NA,0.000191628401225898
0.852930963039398,0.000190029124496505,0.791764199733734,0.0609767436981201,10,0.25,NA,0.000191508783755125
0.838659167289734,0.000179020818904974,0.799991071224213,0.0384891033172607,10,0.25,NA,0.000191663340519881
0.646449446678162,0.000194264459423721,0.57637232542038,0.069882869720459,10,0.25,NA,0.000191566598514328
0.828031480312347,0.000193428422790021,0.775188088417053,0.052649974822998,10,0.25,NA,0.000191440429916838
0.822863340377808,0.000202710958546959,0.748611390590668,0.0740492343902588,10,0.25,NA,0.000191444011870772
0.836755454540253,0.000194114516489208,0.780377984046936,0.0561833381652832,10,0.25,NA,0.000191706838377286
0.858852982521057,0.00020246572967153,0.798938572406769,0.0597119331359863,10,0.25,NA,0.000191762124450179
0.699276626110077,0.000192190695088357,0.640378654003143,0.0587058067321777,10,0.25,NA,0.000191971973545151
0.766442835330963,0.000196221197256818,0.691550076007843,0.0746965408325195,10,0.25,NA,0.000192182933533331
0.857347965240479,0.000201973831281066,0.798291146755219,0.0588548183441162,10,0.25,NA,0.000192176663695136
0.644602477550507,0.000188161298865452,0.586943507194519,0.0574707984924316,10,0.25,NA,0.000192323936644243
0.76346492767334,0.000192608349607326,0.705987513065338,0.0572848320007324,10,0.25,NA,0.000192338048072997
0.815282821655273,0.000188902806257829,0.765184581279755,0.0499093532562256,10,0.25,NA,0.000192407141003059
0.842286467552185,0.000189028476597741,0.792059361934662,0.0500380992889404,10,0.25,NA,0.00019246589334216
0.618050396442413,0.000204848402063362,0.539393901824951,0.0784516334533691,10,0.25,NA,0.000192440183018334
0.765925228595734,0.000189639016753063,0.713612496852875,0.0521230697631836,10,0.25,NA,0.000192599476868054
0.797606468200684,0.000189615748240612,0.759510695934296,0.0379061698913574,10,0.25,NA,0.000192628732766025
0.842428982257843,0.000199176560272463,0.779989421367645,0.0622403621673584,10,0.25,NA,0.000192484504077584
0.785562932491302,0.000198816240299493,0.722135484218597,0.0632286071777344,10,0.25,NA,0.000192565865290817
0.835300445556641,0.000201008093426935,0.766886711120605,0.0682127475738525,10,0.25,NA,0.000192583455063868
0.859816312789917,0.000210745740332641,0.778761386871338,0.0808441638946533,10,0.25,NA,0.000192693423596211
0.840402483940125,0.000188521633390337,0.799796044826508,0.0404179096221924,10,0.25,NA,0.000192811369051924
0.846267640590668,0.000195913598872721,0.799943685531616,0.0461280345916748,10,0.25,NA,0.00019271538083558
0.851461172103882,0.000197915258468129,0.79594898223877,0.055314302444458,10,0.25,NA,0.000192838455404853
0.791716396808624,0.000196243126993068,0.724127590656281,0.0673925876617432,10,0.25,NA,0.00019289144227514
0.853249430656433,0.000193909188965335,0.799906075000763,0.0531494617462158,10,0.25,NA,0.000193107039231108
0.790363550186157,0.000180017377715558,0.74876070022583,0.0414228439331055,10,0.25,NA,0.00019321865926031
0.849842607975006,0.000188777528819628,0.799990057945251,0.049663782119751,10,0.25,NA,0.000193064486957155
0.806800603866577,0.00021150782413315,0.717875897884369,0.0887131690979004,10,0.25,NA,0.000193088246160187
0.70631217956543,0.000197335670236498,0.656901657581329,0.049213171005249,10,0.25,NA,0.000193283243279438
0.771472573280334,0.00018627401732374,0.727195560932159,0.044090747833252,10,0.25,NA,0.000193386780883884
0.765664279460907,0.000188473946764134,0.723255455493927,0.0422203540802002,10,0.25,NA,0.000193344076687936
0.691601037979126,0.000182525895070285,0.645807862281799,0.0456106662750244,10,0.25,NA,0.000193223917012801
0.816323578357697,0.000191371917026117,0.768174290657043,0.0479578971862793,10,0.25,NA,0.00019314357850817
0.732379972934723,0.000205600721528754,0.656948566436768,0.075225830078125,10,0.25,NA,0.000193170516722603
0.838233709335327,0.000192765146493912,0.787167191505432,0.0508737564086914,10,0.25,NA,0.000193246668932261
0.855422675609589,0.000187388024642132,0.798666894435883,0.0565683841705322,10,0.25,NA,0.00019320580366184
0.82313072681427,0.000190695776836947,0.768764197826385,0.054175853729248,10,0.25,NA,0.000193339173856657
0.779715657234192,0.000199145782971755,0.726765215396881,0.0527513027191162,10,0.25,NA,0.000193419513961999
0.791398644447327,0.000189311525900848,0.732073187828064,0.0591361522674561,10,0.25,NA,0.000193468585348455
0.84229052066803,0.000189892729395069,0.798374652862549,0.0437259674072266,10,0.25,NA,0.000193387779581826
0.83315122127533,0.00017968108295463,0.799977958202362,0.0329935550689697,10,0.25,NA,0.000193394952511881
0.859233796596527,0.000192397157661617,0.793328464031219,0.0657129287719727,10,0.25,NA,0.00019330916198669
0.721254348754883,0.000182014977326617,0.67633068561554,0.0447416305541992,10,0.25,NA,0.000193384058802621
0.782656908035278,0.000190048478543758,0.720543563365936,0.0619232654571533,10,0.25,NA,0.000193226337287342
0.743685841560364,0.000196381442947313,0.696166932582855,0.0473225116729736,10,0.25,NA,0.000193176670727553
0.639329135417938,0.000198428562725894,0.573923230171204,0.0652074813842773,10,0.25,NA,0.000193178187473677
0.86438000202179,0.000201409144210629,0.78631466627121,0.0778639316558838,10,0.25,NA,0.000193172062136
0.823800563812256,0.000185111246537417,0.788339018821716,0.0352764129638672,10,0.25,NA,0.000193314563803142
0.755922436714172,0.0002010644384427,0.687364399433136,0.068356990814209,10,0.25,NA,0.000193304379645269
0.761069715023041,0.00019787295605056,0.700218141078949,0.0606536865234375,10,0.25,NA,0.000193481781025184
0.839977502822876,0.000196876397239976,0.771349728107452,0.0684309005737305,10,0.25,NA,0.000193542055203579
0.855352640151978,0.000195073167560622,0.799647748470306,0.0555098056793213,10,0.25,NA,0.00019361826198292
0.770695209503174,0.000203063566004857,0.69573837518692,0.0747537612915039,10,0.25,NA,0.000193694094632519
0.854218065738678,0.000195886706933379,0.798725783824921,0.0552964210510254,10,0.25,NA,0.000193687817372847
0.809141159057617,0.000184971460839733,0.775445282459259,0.0335109233856201,10,0.25,NA,0.000193733677151613
0.727928757667542,0.000183020005351864,0.689320981502533,0.0384247303009033,10,0.25,NA,0.000193612121947808
0.604004263877869,0.000183898009709083,0.563681423664093,0.0401389598846436,10,0.25,NA,0.000193541810440365
0.413561791181564,0.000184774573426694,0.369770258665085,0.0436067581176758,10,0.25,NA,0.000193391660577618
0.709744393825531,0.000199362228158861,0.646515488624573,0.0630295276641846,10,0.25,NA,0.000193260972009739
0.728595077991486,0.000186818448128179,0.673200070858002,0.0552082061767578,10,0.25,NA,0.000193417043046793
0.843173682689667,0.000202413517399691,0.778372943401337,0.0645983219146729,10,0.25,NA,0.000193357625685167
0.708093047142029,0.000189091908396222,0.655268311500549,0.052635669708252,10,0.25,NA,0.000193512596597429
0.77317476272583,0.000198157940758392,0.710797011852264,0.0621795654296875,10,0.25,NA,0.000193461503222352
0.826494157314301,0.000198529072804376,0.774729251861572,0.0515663623809814,10,0.25,NA,0.000193701014504768
0.747454524040222,0.000195711414562538,0.674380242824554,0.0728785991668701,10,0.25,NA,0.000193895139818778
0.829997539520264,0.000186000048415735,0.777109086513519,0.0527024269104004,10,0.25,NA,0.000193919215089409
0.812071442604065,0.00019738833361771,0.749003052711487,0.062870979309082,10,0.25,NA,0.000193762015114771
0.663319170475006,0.000180441464181058,0.620702624320984,0.0424361228942871,10,0.25,NA,0.0001938135700766
0.805542528629303,0.000189167796634138,0.761357963085175,0.0439953804016113,10,0.25,NA,0.00019364385138033
0.758987843990326,0.00020507990848273,0.689044117927551,0.0697386264801025,10,0.25,NA,0.000193643503735075
0.829483807086945,0.00018676534818951,0.775305986404419,0.0539910793304443,10,0.25,NA,0.000193578119797166
0.82811564207077,0.000201210757950321,0.759744584560394,0.0681698322296143,10,0.25,NA,0.000193531006225385
0.853068828582764,0.000191704326425679,0.787478923797607,0.0653982162475586,10,0.25,NA,0.000193556433077902
0.801069915294647,0.000194886306417175,0.729432880878448,0.0714421272277832,10,0.25,NA,0.000193597676843638
0.69974809885025,0.000197693705558777,0.638469934463501,0.0610804557800293,10,0.25,NA,0.000193686629645526
0.779327750205994,0.000185391574632376,0.74549674987793,0.0336456298828125,10,0.25,NA,0.000193724300479516
0.841433167457581,0.000192643870832399,0.791678071022034,0.0495624542236328,10,0.25,NA,0.000193573442084016
0.808233261108398,0.000210788304684684,0.721507549285889,0.086514949798584,10,0.25,NA,0.000193542541528586
0.735483288764954,0.000183094016392715,0.688307881355286,0.046992301940918,10,0.25,NA,0.000193709537270479
0.840097367763519,0.000192622348549776,0.790388762950897,0.049515962600708,10,0.25,NA,0.000193520379980328
0.834399104118347,0.0001855985756265,0.782341957092285,0.0518715381622314,10,0.25,NA,0.000193426263867877
0.847572505474091,0.000191060724318959,0.799849152565002,0.047532320022583,10,0.25,NA,0.000193185576354153
0.847529828548431,0.000196683133253828,0.788337647914886,0.0589954853057861,10,0.25,NA,0.000193224638787797
0.807030737400055,0.000192724270164035,0.749164581298828,0.057673454284668,10,0.25,NA,0.000193132596323267
0.806704461574554,0.000198125329916365,0.750771224498749,0.0557351112365723,10,0.25,NA,0.000193232036108384
0.827696442604065,0.000187946250662208,0.783638298511505,0.043870210647583,10,0.25,NA,0.00019331998686539
0.740247488021851,0.00019073425210081,0.692765235900879,0.0472915172576904,10,0.25,NA,0.000193246557610109
0.829459011554718,0.000181378563866019,0.792635083198547,0.0366425514221191,10,0.25,NA,0.000193168246332789
0.683423399925232,0.00018497857672628,0.640534102916718,0.0427043437957764,10,0.25,NA,0.000193016308330698
0.834145605564117,0.000192284191143699,0.785280168056488,0.048673152923584,10,0.25,NA,0.000192971653596032
0.456151604652405,0.000198421548702754,0.404835045337677,0.0511181354522705,10,0.25,NA,0.000193013735261047
0.826043725013733,0.000198519308469258,0.764348685741425,0.0614964962005615,10,0.25,NA,0.000193102176708635
0.85608321428299,0.000194836655282415,0.799969673156738,0.0559186935424805,10,0.25,NA,0.000193228910502512
0.739295423030853,0.000188819176401012,0.689382016658783,0.0497245788574219,10,0.25,NA,0.000193190106219845
0.764403104782104,0.000193064915947616,0.696774542331696,0.0674355030059814,10,0.25,NA,0.000193143275828334
0.799123644828796,0.00018129323143512,0.754998207092285,0.0439441204071045,10,0.25,NA,0.000193180130881956
0.839671671390533,0.000184917589649558,0.789027869701385,0.0504589080810547,10,0.25,NA,0.000193060017336393
0.776745200157166,0.000192787498235703,0.716329097747803,0.0602233409881592,10,0.25,NA,0.000193055031559197
0.850541710853577,0.000192117076949216,0.799995601177216,0.05035400390625,10,0.25,NA,0.000192899464746006
0.810482442378998,0.000186445977305993,0.771836698055267,0.038459300994873,10,0.25,NA,0.000192957840627059
0.819144129753113,0.000188758669537492,0.768986403942108,0.049968957901001,10,0.25,NA,0.000192922009155154
0.85031670331955,0.000195732558495365,0.799318730831146,0.0508022308349609,10,0.25,NA,0.000193019387661479
0.84230649471283,0.000183964759344235,0.793511390686035,0.0486111640930176,10,0.25,NA,0.000193034068652196
0.826279163360596,0.000187842320883647,0.76988297700882,0.0562083721160889,10,0.25,NA,0.000192939432017738
0.693634808063507,0.000196345281437971,0.636729419231415,0.0567090511322021,10,0.25,NA,0.000192790745641105
0.814254224300385,0.000189763610251248,0.781162679195404,0.0329017639160156,10,0.25,NA,0.000192813053290593
0.829763293266296,0.000197838657186367,0.767445504665375,0.0621199607849121,10,0.25,NA,0.00019268603209639
0.815849006175995,0.000193886342458427,0.759511113166809,0.0561439990997314,10,0.25,NA,0.00019274251171737
0.841452419757843,0.000191144456039183,0.795545697212219,0.0457155704498291,10,0.25,NA,0.000192719163169386
0.831288397312164,0.000188833000720479,0.799532949924469,0.0315666198730469,10,0.25,NA,0.000192610869416967
0.681481540203094,0.000188666177564301,0.638654112815857,0.0426387786865234,10,0.25,NA,0.000192617586435517
0.801995277404785,0.000193845495232381,0.748852252960205,0.0529491901397705,10,0.25,NA,0.000192578164715087
0.815333604812622,0.000188730249647051,0.7562495470047,0.0588953495025635,10,0.25,NA,0.000192627591604833
0.844624161720276,0.000194813925190829,0.781880259513855,0.0625491142272949,10,0.25,NA,0.000192624609335326
0.840086579322815,0.000181269191671163,0.796049416065216,0.0438559055328369,10,0.25,NA,0.0001925242645666
0.840995073318481,0.000180202216142789,0.800000011920929,0.0408148765563965,10,0.25,NA,0.000192440566315781
0.684593319892883,0.000188834528671578,0.639195561408997,0.0452089309692383,10,0.25,NA,0.000192346430994803
0.874562978744507,0.000204381518415175,0.790643870830536,0.0837147235870361,10,0.25,NA,0.000192243010678794
0.47446221113205,0.000192330946447328,0.415134906768799,0.0591349601745605,10,0.25,NA,0.000192298663459951
0.799734234809875,0.000180913921212777,0.757136285305023,0.042417049407959,10,0.25,NA,0.000192211891990155
0.854417443275452,0.00020330744155217,0.793050229549408,0.0611639022827148,10,0.25,NA,0.000191913573798956
0.722973167896271,0.000192995692486875,0.663822829723358,0.0589573383331299,10,0.25,NA,0.000192061431880575
0.739802300930023,0.000200017268070951,0.67144912481308,0.0681531429290771,10,0.25,NA,0.000192032252816716
0.860701680183411,0.000195105356397107,0.795481503009796,0.0650250911712646,10,0.25,NA,0.000192053272912744
0.553378880023956,0.000188604812137783,0.503301203250885,0.049889087677002,10,0.25,NA,0.000192041895206785
0.57242614030838,0.000197066023247316,0.518382251262665,0.0538468360900879,10,0.25,NA,0.000191988851438509
0.838260293006897,0.000194479711353779,0.784850776195526,0.0532150268554688,10,0.25,NA,0.000192159337893827
0.832248151302338,0.000183182273758575,0.784849762916565,0.0472152233123779,10,0.25,NA,0.000192216359719168
0.809756875038147,0.0001783091283869,0.772597432136536,0.0369811058044434,10,0.25,NA,0.000191933104215423
0.75194650888443,0.000192685256479308,0.69172477722168,0.0600290298461914,10,0.25,NA,0.000191742838796927
0.856729328632355,0.000198459674720652,0.791448533535004,0.065082311630249,10,0.25,NA,0.000191806951188482
0.82990163564682,0.00020505154679995,0.755610406398773,0.0740861892700195,10,0.25,NA,0.000191906808468048
0.849493205547333,0.000199658097699285,0.795303642749786,0.0539898872375488,10,0.25,NA,0.000192132064985344
0.840365707874298,0.00018466470646672,0.790210902690887,0.0499701499938965,10,0.25,NA,0.000192214926792076
0.843533456325531,0.000207445802516304,0.773180902004242,0.0701451301574707,10,0.25,NA,0.000192005566641456
0.838543236255646,0.000209194637136534,0.759732186794281,0.0786018371582031,10,0.25,NA,0.000192152373201679
0.795679450035095,0.000196069173398428,0.734821319580078,0.0606620311737061,10,0.25,NA,0.000192370439326623
0.830180466175079,0.000187579513294622,0.783022046089172,0.0469708442687988,10,0.25,NA,0.000192424173292238
0.8099245429039,0.000198255482246168,0.753718197345734,0.0560081005096436,10,0.25,NA,0.000192308510595467
0.829134166240692,0.000199833506485447,0.774731040000916,0.0542032718658447,10,0.25,NA,0.00019239795015892
0.811429142951965,0.00019785831682384,0.733723759651184,0.077507495880127,10,0.25,NA,0.000192497357929824
0.68510627746582,0.000196517328731716,0.626053750514984,0.0588560104370117,10,0.25,NA,0.000192679130268516
0.829769134521484,0.000207646895432845,0.754599094390869,0.0749623775482178,10,0.25,NA,0.000192720331979217
0.840574681758881,0.000193537955055945,0.784994125366211,0.055387020111084,10,0.25,NA,0.000192976651160279
0.852377772331238,0.000190408565686084,0.796977937221527,0.0552093982696533,10,0.25,NA,0.000193011545925401
0.682386457920074,0.000186825403943658,0.627567231655121,0.0546324253082275,10,0.25,NA,0.000192951817152789
0.803920686244965,0.00018551446555648,0.751587092876434,0.0521481037139893,10,0.25,NA,0.000192835785564966
0.835803091526031,0.000207742064958438,0.754319667816162,0.0812757015228271,10,0.25,NA,0.000192676838778425
0.856574773788452,0.000196996596059762,0.796197354793549,0.0601804256439209,10,0.25,NA,0.000192903146962635
0.837598979473114,0.000190414080861956,0.793007850646973,0.044400691986084,10,0.25,NA,0.000192862468538806
0.861717343330383,0.000197922912775539,0.799999058246613,0.0615203380584717,10,0.25,NA,0.00019278787978692
0.824863195419312,0.000192486753803678,0.758585870265961,0.0660848617553711,10,0.25,NA,0.000192798344942275
0.756402313709259,0.000193715270143002,0.709533393383026,0.0466752052307129,10,0.25,NA,0.000192772480804706
0.860291659832001,0.000199083573534153,0.795544326305389,0.0645482540130615,10,0.25,NA,0.000192678997846087
0.437379837036133,0.000185375931323506,0.384589791297913,0.0526046752929688,10,0.25,NA,0.000192710966512095
0.805033266544342,0.000198268433450721,0.744355380535126,0.0604796409606934,10,0.25,NA,0.000192715011216933
0.860966742038727,0.000195883112610318,0.796956956386566,0.0638139247894287,10,0.25,NA,0.000192867495497921
0.829469561576843,0.000199237139895558,0.766957223415375,0.0623130798339844,10,0.25,NA,0.000192987346526934
0.70503968000412,0.000187253972399049,0.655900299549103,0.0489521026611328,10,0.25,NA,0.000193131972191622
0.806591033935547,0.000199819914996624,0.747170448303223,0.0592207908630371,10,0.25,NA,0.000193010889634024
0.788196504116058,0.000197699118871242,0.726378321647644,0.0616204738616943,10,0.25,NA,0.000193140904302709
0.771215617656708,0.000192762177903205,0.71997743844986,0.0510454177856445,10,0.25,NA,0.000193093760317424
0.785057663917542,0.000188518693903461,0.744516789913177,0.0403523445129395,10,0.25,NA,0.000193130463012494
0.848453223705292,0.000197571367607452,0.788718938827515,0.0595366954803467,10,0.25,NA,0.000193034070543945
0.841371893882751,0.000191152226761915,0.795581996440887,0.0455987453460693,10,0.25,NA,0.000193024493491976
0.823652148246765,0.000190687773283571,0.773717820644379,0.04974365234375,10,0.25,NA,0.000192978901613969
0.479253441095352,0.000183026437298395,0.431566715240479,0.0475037097930908,10,0.25,NA,0.000193025778862648
0.826677322387695,0.000192016959772445,0.778730034828186,0.047755241394043,10,0.25,NA,0.000192882159899455
0.83529269695282,0.000197267640032806,0.774945974349976,0.0601494312286377,10,0.25,NA,0.000192997914855368
0.843225002288818,0.000202555485884659,0.778633952140808,0.0643885135650635,10,0.25,NA,0.000193078913289355
0.861605525016785,0.000197079585632309,0.79228013753891,0.0691282749176025,10,0.25,NA,0.000193053669063374
0.838203728199005,0.000195478569366969,0.780816376209259,0.0571918487548828,10,0.25,NA,0.000193156811437802
0.579814016819,0.0002008580340771,0.509190261363983,0.070422887802124,10,0.25,NA,0.000193099489551969
0.73808342218399,0.000192550432984717,0.686905086040497,0.0509858131408691,10,0.25,NA,0.000193191026628483
0.81900292634964,0.000192349019926041,0.769956231117249,0.0488543510437012,10,0.25,NA,0.000193167667894159
0.859867990016937,0.000193577230675146,0.799793183803558,0.0598812103271484,10,0.25,NA,0.000193114221037831
0.843716382980347,0.000196846580365673,0.781299412250519,0.0622200965881348,10,0.25,NA,0.000193196077598259
0.803838551044464,0.000203026458621025,0.742885291576385,0.0607502460479736,10,0.25,NA,0.000193238104693592
0.82904464006424,0.000186649456736632,0.790122151374817,0.0387358665466309,10,0.25,NA,0.000193160486232955
0.863200664520264,0.000216579152038321,0.774759650230408,0.0882244110107422,10,0.25,NA,0.000193196040636394
0.755620062351227,0.000185734577826224,0.702792704105377,0.0526416301727295,10,0.25,NA,0.00019343560867128
0.697986721992493,0.000196179345948622,0.633367478847504,0.0644230842590332,10,0.25,NA,0.000193436968693277
0.813045859336853,0.000184680509846658,0.769081592559814,0.0437796115875244,10,0.25,NA,0.000193488154909573
0.832477927207947,0.000197376575670205,0.772915542125702,0.0593650341033936,10,0.25,NA,0.000193368128675502
0.873955130577087,0.000205305695999414,0.794582962989807,0.0791668891906738,10,0.25,NA,0.000193414651730563
0.84353232383728,0.000198098685359582,0.787808895111084,0.0555253028869629,10,0.25,NA,0.000193486455391394
0.784158885478973,0.000189127982594073,0.737906098365784,0.0460636615753174,10,0.25,NA,0.000193587979738368
0.84762704372406,0.000201011993340217,0.786252617835999,0.0611734390258789,10,0.25,NA,0.0001935719170433
0.842458248138428,0.000189145212061703,0.798175990581512,0.044093132019043,10,0.25,NA,0.000193768251338042
0.717325985431671,0.000182977266376838,0.670128047466278,0.0470149517059326,10,0.25,NA,0.000193809917691397
0.823414504528046,0.000191322411410511,0.777018845081329,0.0462043285369873,10,0.25,NA,0.000193716848443728
0.837023258209229,0.000190953680430539,0.786742925643921,0.0500893592834473,10,0.25,NA,0.000193645857070806
0.851426422595978,0.000199655041797087,0.797211825847626,0.0540149211883545,10,0.25,NA,0.000193570200790418
0.840240716934204,0.000188362915650941,0.788803100585938,0.0512492656707764,10,0.25,NA,0.000193618384655565
0.824116051197052,0.000193349333130755,0.772070229053497,0.0518524646759033,10,0.25,NA,0.000193613822048064
0.811010003089905,0.000191081358934753,0.769628524780273,0.0411903858184814,10,0.25,NA,0.000193616666219896
0.823657333850861,0.000187411817023531,0.767511904239655,0.0559580326080322,10,0.25,NA,0.000193714547494892
0.789011180400848,0.000193229789147153,0.738833487033844,0.0499844551086426,10,0.25,NA,0.000193739489768632
0.842049598693848,0.000192911218618974,0.796896874904633,0.0449597835540771,10,0.25,NA,0.000193743912677746
0.79521769285202,0.000192265040823258,0.746422588825226,0.048602819442749,10,0.25,NA,0.000193751854094444
0.797860443592072,0.000185391982086003,0.746387660503387,0.0512874126434326,10,0.25,NA,0.000193810044729616
0.852107167243958,0.000209050354897045,0.769127547740936,0.0827705860137939,10,0.25,NA,0.000193776377855102
0.84238475561142,0.000187490484677255,0.795421898365021,0.0467753410339355,10,0.25,NA,0.000193909555819118
0.796013176441193,0.00021423411089927,0.702342450618744,0.093456506729126,10,0.25,NA,0.000193944813072449
0.806852340698242,0.000186478398973122,0.770322501659393,0.0363433361053467,10,0.25,NA,0.000194208730972605
0.887012720108032,0.000216384287341498,0.798673272132874,0.088123083114624,10,0.25,NA,0.000194110062147956
0.843797087669373,0.000197677916730754,0.779647171497345,0.0639522075653076,10,0.25,NA,0.000194376268918859
0.67671126127243,0.000194430365809239,0.628367006778717,0.0481498241424561,10,0.25,NA,0.000194374661514303
0.813701152801514,0.000182167830644175,0.768519878387451,0.0449991226196289,10,0.25,NA,0.000194380101747811
0.841409206390381,0.000200063223019242,0.776719272136688,0.0644898414611816,10,0.25,NA,0.000194290335493861
0.69989538192749,0.000198322974028997,0.638651192188263,0.0610458850860596,10,0.25,NA,0.000194402637716848
0.816481351852417,0.000192439474631101,0.766428411006927,0.0498604774475098,10,0.25,NA,0.000194499205681495
0.687393665313721,0.000184147414984182,0.637433707714081,0.0497758388519287,10,0.25,NA,0.000194485145475483
0.872783541679382,0.00020656012929976,0.799563646316528,0.0730133056640625,10,0.25,NA,0.000194439317128854
0.780994057655334,0.000197272922378033,0.721922874450684,0.0588738918304443,10,0.25,NA,0.000194556779169943
0.829323410987854,0.00018641070346348,0.784606397151947,0.0445306301116943,10,0.25,NA,0.000194716816477012
0.837644696235657,0.000182925548870116,0.790107071399689,0.0473546981811523,10,0.25,NA,0.000194778901350219
0.783058106899261,0.000181683164555579,0.754310309886932,0.0285661220550537,10,0.25,NA,0.000194719811552204
0.845662415027618,0.000190963037312031,0.799844086170197,0.0456273555755615,10,0.25,NA,0.000194492828013608
0.706409394741058,0.000200492984731682,0.636801660060883,0.0694072246551514,10,0.25,NA,0.000194479148922255
0.803875267505646,0.000190368096809834,0.748784244060516,0.0549006462097168,10,0.25,NA,0.000194674939557444
0.729767978191376,0.000175261753611267,0.698244273662567,0.0313484668731689,10,0.25,NA,0.000194545546110021
0.842453479766846,0.000197172266780399,0.788544178009033,0.0537121295928955,10,0.25,NA,0.000194368206721265
0.87546706199646,0.000214548432268202,0.781799614429474,0.0934529304504395,10,0.25,NA,0.000194339756708359
0.818981647491455,0.000209387610084377,0.735342442989349,0.0834298133850098,10,0.25,NA,0.00019453418746707
0.609201669692993,0.000190088845556602,0.547623574733734,0.0613880157470703,10,0.25,NA,0.000194742015446536
0.578872621059418,0.00019201215764042,0.529499650001526,0.0491809844970703,10,0.25,NA,0.000194672243669629
0.719352304935455,0.000191435960005037,0.670502007007599,0.0486588478088379,10,0.25,NA,0.000194647568132495
0.844529390335083,0.000181801078724675,0.799887299537659,0.0444602966308594,10,0.25,NA,0.00019473010499496
0.834365487098694,0.000197947811102495,0.772196590900421,0.0619709491729736,10,0.25,NA,0.000194765024498338
0.806031763553619,0.000192981562577188,0.760780036449432,0.0450587272644043,10,0.25,NA,0.00019481765004457
0.570550799369812,0.000187889789231122,0.521563410758972,0.0487995147705078,10,0.25,NA,0.000194762868923135
0.86238020658493,0.000198679335881025,0.798995852470398,0.0631856918334961,10,0.25,NA,0.000194591251347447
0.791666090488434,0.000197765097254887,0.722517669200897,0.0689506530761719,10,0.25,NA,0.000194581463729264
0.831046462059021,0.000184051910764538,0.799567580223083,0.0312948226928711,10,0.25,NA,0.000194712467637146
0.798097431659698,0.000212545550311916,0.712658584117889,0.08522629737854,10,0.25,NA,0.000194478528719628
0.79446417093277,0.000184203003300354,0.74449223279953,0.0497877597808838,10,0.25,NA,0.000194512037851382
0.849824130535126,0.000194065403775312,0.796350657939911,0.0532793998718262,10,0.25,NA,0.000194393376150401
0.818279266357422,0.000188952515600249,0.775556445121765,0.0425338745117188,10,0.25,NA,0.000194458235055208
0.793341040611267,0.00019285963207949,0.741387486457825,0.0517606735229492,10,0.25,NA,0.000194365205388749
0.832670450210571,0.000203932344447821,0.75883811712265,0.0736284255981445,10,0.25,NA,0.000194295466644689
0.810386478900909,0.0001917117042467,0.772544920444489,0.0376498699188232,10,0.25,NA,0.000194356206920929
0.775389492511749,0.000191135419299826,0.725052952766418,0.0501453876495361,10,0.25,NA,0.000194308150676079
0.808958947658539,0.000191519211512059,0.757879376411438,0.0508880615234375,10,0.25,NA,0.000194143035914749
0.816632091999054,0.000185495475307107,0.779664576053619,0.0367820262908936,10,0.25,NA,0.00019412284847931
0.816470205783844,0.000186212899279781,0.780658304691315,0.035625696182251,10,0.25,NA,0.00019407371757552
0.758229374885559,0.000184800272108987,0.725450396537781,0.0325942039489746,10,0.25,NA,0.000194067592528882
0.768113613128662,0.000195347733097151,0.713511168956757,0.0544071197509766,10,0.25,NA,0.000194060450594407
0.832230865955353,0.000188860343769193,0.77987003326416,0.0521719455718994,10,0.25,NA,0.000193936507275794
0.826895654201508,0.000193092579138465,0.776309192180634,0.0503933429718018,10,0.25,NA,0.000193855144752888
0.800447285175323,0.000181874158442952,0.755131602287292,0.0451338291168213,10,0.25,NA,0.000193881929735653
0.576743900775909,0.000196336244698614,0.529456317424774,0.0470912456512451,10,0.25,NA,0.000193721442192327
0.850445628166199,0.000192441832041368,0.792421162128448,0.0578320026397705,10,0.25,NA,0.000193759937101277
0.767523288726807,0.000205900723813102,0.701004862785339,0.0663125514984131,10,0.25,NA,0.00019374720272026
0.851946532726288,0.000186149205546826,0.798798084259033,0.0529623031616211,10,0.25,NA,0.00019381537422305
0.72524482011795,0.000200852009584196,0.657368838787079,0.0676751136779785,10,0.25,NA,0.000193823106965283
0.810712814331055,0.000191956278285943,0.767574489116669,0.0429463386535645,10,0.25,NA,0.000193848942726618
0.820904314517975,0.000183164491318166,0.780220985412598,0.0405001640319824,10,0.25,NA,0.000193809674383374
0.763417541980743,0.000211800303077325,0.684563398361206,0.0786423683166504,10,0.25,NA,0.0001936489478976
0.724200308322906,0.000199522488401271,0.660532593727112,0.0634682178497314,10,0.25,NA,0.000193894411204383
0.83869206905365,0.000192981970030814,0.798453092575073,0.0400459766387939,10,0.25,NA,0.000193891436938429
0.858727693557739,0.000198188470676541,0.798620879650116,0.0599086284637451,10,0.25,NA,0.000193844265450025
0.843604922294617,0.000194883585209027,0.788139820098877,0.0552701950073242,10,0.25,NA,0.000193898528377758
0.701531231403351,0.000184492819244042,0.651828408241272,0.049518346786499,10,0.25,NA,0.000193962177290814
0.82018905878067,0.000193930725799873,0.766200721263885,0.0537943840026855,10,0.25,NA,0.00019383139180718
0.860344052314758,0.000197799352463335,0.796205937862396,0.0639402866363525,10,0.25,NA,0.000193859176797559
0.833568811416626,0.000204074269277044,0.765557289123535,0.0678074359893799,10,0.25,NA,0.000193930292589357
0.803887128829956,0.0001834916183725,0.755402386188507,0.0483012199401855,10,0.25,NA,0.000194140770909144
0.816653966903687,0.000206267897738144,0.749233901500702,0.067213773727417,10,0.25,NA,0.000194055517495144
0.674636960029602,0.000183492462383583,0.626968801021576,0.0474846363067627,10,0.25,NA,0.000194145520072198
0.819290637969971,0.000214126252103597,0.735975682735443,0.0831007957458496,10,0.25,NA,0.000193954889837187
0.732652842998505,0.000198040434042923,0.671917915344238,0.0605368614196777,10,0.25,NA,0.0001941253565019
0.830591320991516,0.000186148274224252,0.777359426021576,0.0530457496643066,10,0.25,NA,0.000194150975148659
0.867058277130127,0.000200487920665182,0.799620151519775,0.0672376155853271,10,0.25,NA,0.000194003877550131
0.674074470996857,0.00018733624892775,0.624874234199524,0.0490128993988037,10,0.25,NA,0.000194083252426935
0.631228923797607,0.00019690535555128,0.577720403671265,0.0533115863800049,10,0.25,NA,0.000194033124716952
0.822906911373138,0.000189647529623471,0.778246223926544,0.0444710254669189,10,0.25,NA,0.000194066405965714
0.843028664588928,0.00019577173225116,0.796696543693542,0.0461363792419434,10,0.25,NA,0.000193994415458292
0.707151472568512,0.000210617494303733,0.625600755214691,0.0813400745391846,10,0.25,NA,0.000193921868194593
0.808140993118286,0.000203002258786,0.742085576057434,0.0658524036407471,10,0.25,NA,0.000194161548570264
0.842172861099243,0.000195773856830783,0.791048467159271,0.0509285926818848,10,0.25,NA,0.000194025779637741
0.836056530475616,0.000190092454431579,0.78972053527832,0.0461459159851074,10,0.25,NA,0.000194126172427787
0.842788398265839,0.000183486903551966,0.794859230518341,0.0477457046508789,10,0.25,NA,0.000194065303512616
0.746982216835022,0.000186139339348301,0.692739427089691,0.0540566444396973,10,0.25,NA,0.000194053367449669
0.82741779088974,0.000200046124518849,0.767613112926483,0.0596046447753906,10,0.25,NA,0.00019394099508645
0.849632441997528,0.000194374239072204,0.796354174613953,0.0530838966369629,10,0.25,NA,0.000193888399371644
0.833510100841522,0.00019007058290299,0.787313580513,0.046006441116333,10,0.25,NA,0.000193851154908771
0.853166580200195,0.000199647111003287,0.788126647472382,0.0648403167724609,10,0.25,NA,0.00019386058091186
0.812210500240326,0.000183903495781124,0.772660136222839,0.0393664836883545,10,0.25,NA,0.000193846932088491
0.843202888965607,0.000197529690922238,0.784317433834076,0.0586879253387451,10,0.25,NA,0.000193794514925685
0.704170525074005,0.000201842427486554,0.625351369380951,0.0786173343658447,10,0.25,NA,0.000193940039171139
0.843575656414032,0.000192182997125201,0.799973428249359,0.043410062789917,10,0.25,NA,0.000194045239331899
0.847520411014557,0.000193185187526979,0.794584274291992,0.0527429580688477,10,0.25,NA,0.000194057532498846
0.857297956943512,0.000193024054169655,0.799145400524139,0.0579595565795898,10,0.25,NA,0.000193992833956145
0.80820232629776,0.000185142824193463,0.770482957363129,0.037534236907959,10,0.25,NA,0.000194039445341332
0.459441512823105,0.000201650167582557,0.401156336069107,0.0580835342407227,10,0.25,NA,0.000193957380251959
0.776132225990295,0.000197060478967614,0.716355562210083,0.059579610824585,10,0.25,NA,0.000194063068338437
0.79721736907959,0.000187062207260169,0.755293965339661,0.041736364364624,10,0.25,NA,0.000194159554957878
0.832482397556305,0.000186823410331272,0.793222367763519,0.0390732288360596,10,0.25,NA,0.000194097879139008
0.845979452133179,0.000198084977455437,0.785727322101593,0.0600540637969971,10,0.25,NA,0.000194037001056131
0.847917199134827,0.000194149892195128,0.795639336109161,0.0520837306976318,10,0.25,NA,0.000194095200422453
0.847194671630859,0.000195110347704031,0.783472955226898,0.0635266304016113,10,0.25,NA,0.000194182779523544
0.839915812015533,0.000181759751285426,0.794522762298584,0.0452113151550293,10,0.25,NA,0.000194043379451614
0.799770772457123,0.000188811056432314,0.757008731365204,0.0425732135772705,10,0.25,NA,0.000193986072117696
0.765049755573273,0.000196560577023774,0.703130185604095,0.061722993850708,10,0.25,NA,0.000193731841573026
0.827735662460327,0.000189222395420074,0.767853558063507,0.0596928596496582,10,0.25,NA,0.000193832663353533
0.780893266201019,0.000190777092939243,0.731023192405701,0.0496792793273926,10,0.25,NA,0.000193561044434318
0.783064842224121,0.000201780014322139,0.712971866130829,0.0698912143707275,10,0.25,NA,0.000193492036196403
0.646342992782593,0.000183849348104559,0.59797477722168,0.0481843948364258,10,0.25,NA,0.000193565532681532
0.829409897327423,0.0001864954829216,0.790735483169556,0.0384879112243652,10,0.25,NA,0.000193582347856136
0.856382131576538,0.000195354412426241,0.79243129491806,0.0637555122375488,10,0.25,NA,0.00019344667045516
0.860782265663147,0.000190005710464902,0.799863457679749,0.0607287883758545,10,0.25,NA,0.000193416984839132
0.793647766113281,0.000190408696653321,0.749005436897278,0.0444519519805908,10,0.25,NA,0.00019339264719747
0.82280033826828,0.000192321153008379,0.765121698379517,0.0574862957000732,10,0.25,NA,0.000193455260014161
0.805713772773743,0.000197507717530243,0.746403932571411,0.0591123104095459,10,0.25,NA,0.000193312870251248
0.82714456319809,0.000193017986021005,0.776770412921906,0.0501811504364014,10,0.25,NA,0.00019331521820277
0.674165308475494,0.000184270887984894,0.634017288684845,0.0399637222290039,10,0.25,NA,0.000193381291028345
0.856072545051575,0.000200551759917289,0.795471012592316,0.0604009628295898,10,0.25,NA,0.000193394744419493
0.842546343803406,0.000195415545022115,0.792327105998993,0.0500237941741943,10,0.25,NA,0.00019358343037311
0.827377080917358,0.000200455921003595,0.77165013551712,0.0555264949798584,10,0.25,NA,0.000193627955450211
0.843946695327759,0.000195692948182113,0.77750164270401,0.0662493705749512,10,0.25,NA,0.00019362758481293
0.854003310203552,0.000210973346838728,0.776648461818695,0.0771439075469971,10,0.25,NA,0.000193680833326653
0.85078352689743,0.000184903256013058,0.799982368946075,0.0506162643432617,10,0.25,NA,0.000194037949258927
0.818354725837708,0.000199115311261266,0.745390236377716,0.0727653503417969,10,0.25,NA,0.000193915259151254
0.844776391983032,0.000193413216038607,0.794127643108368,0.0504553318023682,10,0.25,NA,0.000193760927941184
0.829587638378143,0.000199604444787838,0.764047026634216,0.0653409957885742,10,0.25,NA,0.000193601184000727
0.85090571641922,0.000189648810192011,0.798801600933075,0.0519144535064697,10,0.25,NA,0.000193696339993039
0.745070815086365,0.00018542526231613,0.700076997280121,0.0448083877563477,10,0.25,NA,0.000193672706518555
0.808512091636658,0.000189501559361815,0.761484086513519,0.0468385219573975,10,0.25,NA,0.000193612599541666
0.595911085605621,0.000182769217644818,0.549582421779633,0.0461459159851074,10,0.25,NA,0.000193689604348037
0.739870667457581,0.000194250620552339,0.696575105190277,0.0431013107299805,10,0.25,NA,0.000193537818413461
0.513287425041199,0.000183107142220251,0.46606907248497,0.0470352172851562,10,0.25,NA,0.000193550508993212
0.842302262783051,0.000194054271560162,0.790670573711395,0.0514376163482666,10,0.25,NA,0.000193502682523103
0.682204067707062,0.000202636001631618,0.612733662128448,0.069267749786377,10,0.25,NA,0.000193456431879895
0.790930092334747,0.000185275581316091,0.748646080493927,0.0420987606048584,10,0.25,NA,0.000193505140923662
0.79598081111908,0.000193624538951553,0.73664391040802,0.0591433048248291,10,0.25,NA,0.000193517377629178
0.843124330043793,0.000184910866664723,0.798895180225372,0.0440442562103271,10,0.25,NA,0.000193328167515574
0.737460970878601,0.000198830734007061,0.675801396369934,0.0614607334136963,10,0.25,NA,0.000193335246149218
0.789927423000336,0.000196086752112024,0.738197147846222,0.0515341758728027,10,0.25,NA,0.000193382899451535
0.722628772258759,0.000195509055629373,0.659038960933685,0.06339430809021,10,0.25,NA,0.000193454241816653
0.735553860664368,0.000204299358301796,0.659972310066223,0.0753772258758545,10,0.25,NA,0.000193480736052152
0.761029720306396,0.000188838253961876,0.702329397201538,0.05851149559021,10,0.25,NA,0.000193484406190692
0.859327852725983,0.000197783287148923,0.79968398809433,0.0594460964202881,10,0.25,NA,0.000193455671687843
0.819964528083801,0.000195296335732564,0.775151550769806,0.0446176528930664,10,0.25,NA,0.000193522150366334
0.857609570026398,0.000192561841686256,0.790805220603943,0.0666117668151855,10,0.25,NA,0.000193559921608539
0.849031686782837,0.000196948822122067,0.779882907867432,0.0689518451690674,10,0.25,NA,0.000193630585272331
0.849186658859253,0.000195384171092883,0.776538252830505,0.0724530220031738,10,0.25,NA,0.000193737944500754
0.690137445926666,0.000194151740288362,0.626899480819702,0.0630438327789307,10,0.25,NA,0.000193843783490593
0.834434270858765,0.00018867664039135,0.782508790493011,0.0517368316650391,10,0.25,NA,0.000193831823562505
0.631546139717102,0.000185761979082599,0.578867733478546,0.052492618560791,10,0.25,NA,0.000193829986528726
0.602300882339478,0.000203342089662328,0.528684854507446,0.0734126567840576,10,0.25,NA,0.000193756680528168
0.84276294708252,0.00019341720326338,0.782924354076385,0.0596451759338379,10,0.25,NA,0.000193971359840361
0.680533289909363,0.000181011317181401,0.637152016162872,0.0432002544403076,10,0.25,NA,0.000193942169426009
0.427019238471985,0.000192806357517838,0.369313895702362,0.0575125217437744,10,0.25,NA,0.000193827864277409
0.681795954704285,0.00018900194845628,0.629160821437836,0.0524461269378662,10,0.25,NA,0.000193696920614457
0.838703095912933,0.000193502302863635,0.785727322101593,0.0527822971343994,10,0.25,NA,0.000193725448043551
0.733720183372498,0.000195220389286987,0.677220046520233,0.056304931640625,10,0.25,NA,0.000193651950976346
0.746127367019653,0.000192716674064286,0.679272830486298,0.0666618347167969,10,0.25,NA,0.000193684592086356
0.835702538490295,0.000203658011741936,0.773828327655792,0.0616705417633057,10,0.25,NA,0.000193780113913817
0.760435700416565,0.000200934271560982,0.703714072704315,0.0565207004547119,10,0.25,NA,0.000193698691000463
